{
    "metrics": {
        "timestamp": "2025-10-22 09:36:35",
        "model": "Baseline Linear Regression",
        "rmse": 5.3225,
        "mae": 3.7743,
        "r2": 0.8206,
        "intercept": 48.696390977667456
    },
    "coefficients": {
        "DEW_C": 0.9538556179208875,
        "SLP_hPa": -0.04521216516257841,
        "WND_SPD_MS": 0.23981770554051773,
        "VIS_DIST_M": 4.207577428281189e-05,
        "CIG_HEIGHT_M": 0.00023956311890346144,
        "LATITUDE": -0.04593549213797113,
        "LONGITUDE": -0.0015276275333793638,
        "ELEVATION": 0.0033699158996288972
    }
}