feature,coefficient
DEW_C,0.9538556179208875
SLP_hPa,-0.04521216516257841
WND_SPD_MS,0.23981770554051773
VIS_DIST_M,4.207577428281189e-05
CIG_HEIGHT_M,0.00023956311890346144
LATITUDE,-0.04593549213797113
LONGITUDE,-0.0015276275333793638
ELEVATION,0.0033699158996288972
