nonzero,l1_norm,l2_norm
8,17.37510229174088,11.390460180910488
