{
    "metrics": {
        "timestamp": "2025-10-22 09:55:12",
        "model": "Enet (alpha=0.75)",
        "elasticNetParam": 0.75,
        "best_regParam": 0.001,
        "rmse": 5.3225,
        "mae": 3.7743,
        "r2": 0.8206,
        "intercept": 13.176612076400776
    },
    "coefficients": {
        "DEW_C": 10.954799293382173,
        "SLP_hPa": -0.39915591590975863,
        "WND_SPD_MS": 0.6092394150299975,
        "VIS_DIST_M": 0.47628578019373335,
        "CIG_HEIGHT_M": 2.4488516391271977,
        "LATITUDE": -0.9249778196704846,
        "LONGITUDE": -0.10800944510283295,
        "ELEVATION": 1.4537829833247005
    },
    "coef_diag": {
        "nonzero": 8,
        "l1_norm": 17.37510229174088,
        "l2_norm": 11.390460180910488
    }
}