{
    "metrics": {
        "timestamp": "2025-10-22 09:53:01",
        "model": "Enet (alpha=0.25)",
        "elasticNetParam": 0.25,
        "best_regParam": 0.003,
        "rmse": 5.3225,
        "mae": 3.7744,
        "r2": 0.8206,
        "intercept": 13.176612076400776
    },
    "coefficients": {
        "DEW_C": 10.952423997632373,
        "SLP_hPa": -0.3994606801166167,
        "WND_SPD_MS": 0.6087951150473904,
        "VIS_DIST_M": 0.47616461742559846,
        "CIG_HEIGHT_M": 2.4485303481108214,
        "LATITUDE": -0.9256982486377077,
        "LONGITUDE": -0.10777476946995822,
        "ELEVATION": 1.4530775355768517
    },
    "coef_diag": {
        "nonzero": 8,
        "l1_norm": 17.371925312017318,
        "l2_norm": 11.38805480898074
    }
}