nonzero,l1_norm,l2_norm
8,17.371925312017318,11.38805480898074
