nonzero,l1_norm,l2_norm
8,17.36670418440253,11.387642148152338
