{
    "metrics": {
        "timestamp": "2025-10-22 09:56:12",
        "model": "Lasso (alpha=1.0)",
        "elasticNetParam": 1.0,
        "best_regParam": 0.001,
        "rmse": 5.3225,
        "mae": 3.7744,
        "r2": 0.8206,
        "intercept": 13.176612076400788
    },
    "coefficients": {
        "DEW_C": 10.954775414488026,
        "SLP_hPa": -0.39891102116302224,
        "WND_SPD_MS": 0.6090562544052922,
        "VIS_DIST_M": 0.47593125371944545,
        "CIG_HEIGHT_M": 2.448701205428207,
        "LATITUDE": -0.9246566905945577,
        "LONGITUDE": -0.10770392786771271,
        "ELEVATION": 1.4536259999514758
    },
    "coef_diag": {
        "nonzero": 8,
        "l1_norm": 17.373361767617737,
        "l2_norm": 11.390322679218254
    }
}