nonzero,l1_norm,l2_norm
8,17.373361767617737,11.390322679218254
