nonzero,l1_norm,l2_norm
8,17.3660334967024,11.380060686785988
