{
    "metrics": {
        "timestamp": "2025-10-22 09:51:26",
        "model": "Ridge (alpha=0.0)",
        "elasticNetParam": 0.0,
        "best_regParam": 0.01,
        "rmse": 5.3225,
        "mae": 3.7748,
        "r2": 0.8206,
        "intercept": 13.176612076400788
    },
    "coefficients": {
        "DEW_C": 10.94419330279018,
        "SLP_hPa": -0.40125863072109413,
        "WND_SPD_MS": 0.607792088616387,
        "VIS_DIST_M": 0.47680293948797514,
        "CIG_HEIGHT_M": 2.4478576012354933,
        "LATITUDE": -0.9291759248889848,
        "LONGITUDE": -0.10786967981310187,
        "ELEVATION": 1.451083329149182
    },
    "coef_diag": {
        "nonzero": 8,
        "l1_norm": 17.3660334967024,
        "l2_norm": 11.380060686785988
    }
}