{
    "metrics": {
        "timestamp": "2025-10-14 23:47:23",
        "model": "Baseline Linear Regression",
        "rmse": 5.3225,
        "mae": 3.7746,
        "r2": 0.8205,
        "intercept": 48.60908443824007
    },
    "coefficients": {
        "DEW_C": 0.9539465907026541,
        "SLP_hPa": -0.04512927338253214,
        "WND_SPD_MS": 0.24015123771787597,
        "VIS_DIST_M": 4.203527923366511e-05,
        "CIG_HEIGHT_M": 0.00023955984405302897,
        "LATITUDE": -0.04587645418453498,
        "LONGITUDE": -0.0015244127160475554,
        "ELEVATION": 0.00336868821231186
    }
}