{
    "metrics": {
        "timestamp": "2025-10-21 21:53:05",
        "model": "Baseline Linear Regression",
        "rmse": 5.3205,
        "mae": 3.7737,
        "r2": 0.8208,
        "intercept": 48.86810606004963
    },
    "coefficients": {
        "DEW_C": 0.9538812542859187,
        "SLP_hPa": -0.04537993564157727,
        "WND_SPD_MS": 0.23962300287851307,
        "VIS_DIST_M": 4.185480874194834e-05,
        "CIG_HEIGHT_M": 0.0002396834188862461,
        "LATITUDE": -0.045869563584106175,
        "LONGITUDE": -0.001508638160722929,
        "ELEVATION": 0.003369897541793656
    }
}