{
    "metrics": {
        "timestamp": "2025-10-15 02:24:28",
        "model": "Enet (alpha=0.75)",
        "elasticNetParam": 0.75,
        "best_regParam": 0.003,
        "rmse": 5.3225,
        "mae": 3.7749,
        "r2": 0.8205,
        "intercept": 13.175161852671907
    },
    "coefficients": {
        "DEW_C": 10.954042278901715,
        "SLP_hPa": -0.3973396167223043,
        "WND_SPD_MS": 0.6086597314496219,
        "VIS_DIST_M": 0.4737189006922409,
        "CIG_HEIGHT_M": 2.4476629900952616,
        "LATITUDE": -0.9227895282098695,
        "LONGITUDE": -0.10570036416790908,
        "ELEVATION": 1.4507198133074255
    },
    "coef_diag": {
        "nonzero": 8,
        "l1_norm": 17.360633223546348,
        "l2_norm": 11.388685282099445
    }
}