{
    "metrics": {
        "timestamp": "2025-10-21 22:01:52",
        "model": "Enet (alpha=0.5)",
        "elasticNetParam": 0.5,
        "best_regParam": 1e-05,
        "rmse": 5.3205,
        "mae": 3.7737,
        "r2": 0.8208,
        "intercept": 13.17861249620265
    },
    "coefficients": {
        "DEW_C": 10.954973924047177,
        "SLP_hPa": -0.40137704299692384,
        "WND_SPD_MS": 0.6095731002752056,
        "VIS_DIST_M": 0.4749846544480912,
        "CIG_HEIGHT_M": 2.450710558945882,
        "LATITUDE": -0.9242168766984673,
        "LONGITUDE": -0.10767236862290112,
        "ELEVATION": 1.4534282207557294
    },
    "coef_diag": {
        "nonzero": 8,
        "l1_norm": 17.376936746790378,
        "l2_norm": 11.390959266211778
    }
}