{
    "metrics": {
        "timestamp": "2025-10-15 02:22:06",
        "model": "Enet (alpha=0.5)",
        "elasticNetParam": 0.5,
        "best_regParam": 0.003,
        "rmse": 5.3225,
        "mae": 3.7749,
        "r2": 0.8205,
        "intercept": 13.175161852671913
    },
    "coefficients": {
        "DEW_C": 10.954114522672477,
        "SLP_hPa": -0.39807486179304763,
        "WND_SPD_MS": 0.6092093354250672,
        "VIS_DIST_M": 0.4747831298889349,
        "CIG_HEIGHT_M": 2.4481150473652527,
        "LATITUDE": -0.9237526461344121,
        "LONGITUDE": -0.10661729111629467,
        "ELEVATION": 1.4511911379361542
    },
    "coef_diag": {
        "nonzero": 8,
        "l1_norm": 17.36585797233164,
        "l2_norm": 11.389097980445058
    }
}