{
    "metrics": {
        "timestamp": "2025-10-21 21:59:52",
        "model": "Enet (alpha=0.25)",
        "elasticNetParam": 0.25,
        "best_regParam": 1e-05,
        "rmse": 5.3205,
        "mae": 3.7737,
        "r2": 0.8208,
        "intercept": 13.17861249620265
    },
    "coefficients": {
        "DEW_C": 10.954974093947387,
        "SLP_hPa": -0.40137992248067866,
        "WND_SPD_MS": 0.6095746573778968,
        "VIS_DIST_M": 0.47498795826567025,
        "CIG_HEIGHT_M": 2.450712691222531,
        "LATITUDE": -0.9242191820968314,
        "LONGITUDE": -0.10767512336491894,
        "ELEVATION": 1.453429804774845
    },
    "coef_diag": {
        "nonzero": 8,
        "l1_norm": 17.37695343353076,
        "l2_norm": 11.3909606261157
    }
}