{
    "metrics": {
        "timestamp": "2025-10-21 22:03:51",
        "model": "Enet (alpha=0.75)",
        "elasticNetParam": 0.75,
        "best_regParam": 1e-05,
        "rmse": 5.3205,
        "mae": 3.7737,
        "r2": 0.8208,
        "intercept": 13.17861249620265
    },
    "coefficients": {
        "DEW_C": 10.954973683583045,
        "SLP_hPa": -0.40137459294906425,
        "WND_SPD_MS": 0.6095712705314915,
        "VIS_DIST_M": 0.47498110702285906,
        "CIG_HEIGHT_M": 2.45070905254713,
        "LATITUDE": -0.9242136636084339,
        "LONGITUDE": -0.10766931106739804,
        "ELEVATION": 1.4534266506925595
    },
    "coef_diag": {
        "nonzero": 8,
        "l1_norm": 17.376919332001982,
        "l2_norm": 11.390957888758708
    }
}