{
    "metrics": {
        "timestamp": "2025-10-15 02:19:47",
        "model": "Enet (alpha=0.25)",
        "elasticNetParam": 0.25,
        "best_regParam": 0.003,
        "rmse": 5.3225,
        "mae": 3.7748,
        "r2": 0.8205,
        "intercept": 13.17516185267192
    },
    "coefficients": {
        "DEW_C": 10.95418678279658,
        "SLP_hPa": -0.3988100105758376,
        "WND_SPD_MS": 0.6097589036508634,
        "VIS_DIST_M": 0.475847171590512,
        "CIG_HEIGHT_M": 2.4485670814953906,
        "LATITUDE": -0.9247155889816832,
        "LONGITUDE": -0.10753406007248002,
        "ELEVATION": 1.4516624384990033
    },
    "coef_diag": {
        "nonzero": 8,
        "l1_norm": 17.37108203766235,
        "l2_norm": 11.389511009289912
    }
}