{
    "metrics": {
        "timestamp": "2025-10-21 22:05:50",
        "model": "Lasso (alpha=1.0)",
        "elasticNetParam": 1.0,
        "best_regParam": 1e-05,
        "rmse": 5.3205,
        "mae": 3.7737,
        "r2": 0.8208,
        "intercept": 13.17861249620265
    },
    "coefficients": {
        "DEW_C": 10.954973996763924,
        "SLP_hPa": -0.40137256150207123,
        "WND_SPD_MS": 0.6095689625376887,
        "VIS_DIST_M": 0.474977417625994,
        "CIG_HEIGHT_M": 2.4507075228255233,
        "LATITUDE": -0.9242101042727611,
        "LONGITUDE": -0.10766605401893246,
        "ELEVATION": 1.4534252295346155
    },
    "coef_diag": {
        "nonzero": 8,
        "l1_norm": 17.376901849081513,
        "l2_norm": 11.390957011004547
    }
}