model,RMSE,MAE,R2
XGBoost_Base,2.593737523397368,1.9014729192547903,0.957383858713903
XGBoost_Optimised,1.3346372619721627,0.9601391753495737,0.9887163770547988
