{
    "metrics": {
        "timestamp": "2025-10-21 21:57:51",
        "model": "Ridge (alpha=0.0)",
        "elasticNetParam": 0.0,
        "best_regParam": 0.001,
        "rmse": 5.3205,
        "mae": 3.7738,
        "r2": 0.8208,
        "intercept": 13.17861249620265
    },
    "coefficients": {
        "DEW_C": 10.953798970987442,
        "SLP_hPa": -0.40153274717374854,
        "WND_SPD_MS": 0.6093564594272565,
        "VIS_DIST_M": 0.4749316447104823,
        "CIG_HEIGHT_M": 2.450555210540561,
        "LATITUDE": -0.9245788673849146,
        "LONGITUDE": -0.10756195597814308,
        "ELEVATION": 1.4530819698191841
    },
    "coef_diag": {
        "nonzero": 8,
        "l1_norm": 17.375397826021732,
        "l2_norm": 11.389771705919363
    }
}