{
    "metrics": {
        "timestamp": "2025-10-15 02:17:20",
        "model": "Ridge (alpha=0.0)",
        "elasticNetParam": 0.0,
        "best_regParam": 0.003,
        "rmse": 5.3225,
        "mae": 3.7748,
        "r2": 0.8205,
        "intercept": 13.175161852671925
    },
    "coefficients": {
        "DEW_C": 10.95425911287902,
        "SLP_hPa": -0.39954509185491877,
        "WND_SPD_MS": 0.6103083317254113,
        "VIS_DIST_M": 0.47691092776997024,
        "CIG_HEIGHT_M": 2.449019050863927,
        "LATITUDE": -0.9256782453227892,
        "LONGITUDE": -0.10845062088797643,
        "ELEVATION": 1.452133547964097
    },
    "coef_diag": {
        "nonzero": 8,
        "l1_norm": 17.37630492926811,
        "l2_norm": 11.389924371521104
    }
}